file,word_count
/multidata/pcm_Latn.parquet,651903
/multidata/niu_Latn.parquet,108679
/multidata/ydd_Hebr.parquet,602156
/multidata/kny_Latn.parquet,12852
/multidata/prf_Latn.parquet,8744
/multidata/mwc_Latn.parquet,8907
/multidata/cas_Latn.parquet,65351
/multidata/apt_Latn.parquet,1735
/multidata/ang_Latn.parquet,1783262
/multidata/nsm_Latn.parquet,6105
/multidata/tog_Latn.parquet,252989
/multidata/ike_Cans.parquet,251557
/multidata/sdc_Latn.parquet,102069
/multidata/nbl_Latn.parquet,103422
/multidata/cjp_Latn.parquet,43290
/multidata/kan_Latn.parquet,43505
/multidata/far_Latn.parquet,12541
/multidata/aba_Latn.parquet,9770
/multidata/qve_Latn.parquet,111375
/multidata/toi_Latn.parquet,135559
/multidata/kpz_Latn.parquet,59127
/multidata/kpq_Latn.parquet,552
/multidata/bel_Cyrl.parquet,496117
/multidata/sml_Latn.parquet,65093
/multidata/ipi_Latn.parquet,82765
/multidata/urh_Latn.parquet,84790
/multidata/hmr_Latn.parquet,520272
/multidata/itv_Latn.parquet,77602
/multidata/mlh_Latn.parquet,7832
/multidata/gsw_Latn.parquet,894806
/multidata/mlu_Latn.parquet,5706
/multidata/mfe_Latn.parquet,752365
/multidata/ifu_Latn.parquet,17386
/multidata/aui_Latn.parquet,3575
/multidata/srp_Cyrl.parquet,587153
/multidata/kmm_Latn.parquet,2530
/multidata/ars_Arab.parquet,396828
/multidata/quf_Latn.parquet,67612
/multidata/nso_Latn.parquet,904525
/multidata/bjn_Arab.parquet,368358
/multidata/crl_Cans.parquet,2715
/multidata/zea_Latn.parquet,703533
/multidata/tll_Latn.parquet,26185
/multidata/kam_Latn.parquet,107966
/multidata/kqo_Latn.parquet,764
/multidata/gnb_Latn.parquet,5942
/multidata/gnn_Latn.parquet,100351
/multidata/gng_Latn.parquet,39308
/multidata/hvn_Latn.parquet,6187
/multidata/xtd_Latn.parquet,21456
/multidata/brh_Arab.parquet,353782
/multidata/due_Latn.parquet,523
/multidata/hac_Arab.parquet,413373
/multidata/mek_Latn.parquet,50348
/multidata/cut_Latn.parquet,19041
/multidata/umb_Latn.parquet,74580
/multidata/xon_Latn.parquet,104336
/multidata/bzd_Latn.parquet,20862
/multidata/lip_Latn.parquet,2647
/multidata/nct_Latn.parquet,20952
/multidata/sri_Latn.parquet,1084
/multidata/hak_Hani.parquet,244353
/multidata/ndh_Latn.parquet,20536
/multidata/bmh_Latn.parquet,120488
/multidata/msk_Latn.parquet,26266
/multidata/apy_Latn.parquet,28293
/multidata/gom_Deva.parquet,411947
/multidata/nak_Latn.parquet,137152
/multidata/mvp_Latn.parquet,29121
/multidata/nyo_Latn.parquet,38126
/multidata/blt_Latn.parquet,25462
/multidata/rgu_Latn.parquet,13617
/multidata/did_Latn.parquet,656
/multidata/gof_Latn.parquet,51687
/multidata/mta_Latn.parquet,2776
/multidata/ckt_Cyrl.parquet,21164
/multidata/wes_Latn.parquet,162050
/multidata/kea_Latn.parquet,419643
/multidata/stn_Latn.parquet,1643
/multidata/mto_Latn.parquet,18779
/multidata/yle_Latn.parquet,73125
/multidata/vag_Latn.parquet,3244
/multidata/maa_Latn.parquet,129731
/multidata/srn_Latn.parquet,1098568
/multidata/hrv_Latn.parquet,639085
/multidata/trs_Latn.parquet,667
/multidata/kos_Latn.parquet,445720
/multidata/rmo_Latn.parquet,96653
/multidata/lmo_Latn.parquet,650328
/multidata/mgm_Latn.parquet,1636
/multidata/knj_Latn.parquet,112337
/multidata/myv_Cyrl.parquet,481302
/multidata/grt_Beng.parquet,58361
/multidata/lgg_Latn.parquet,96199
/multidata/ddn_Latn.parquet,333
/multidata/njb_Latn.parquet,2736
/multidata/cjk_Latn.parquet,2495
/multidata/mcq_Latn.parquet,67050
/multidata/nla_Latn.parquet,459
/multidata/snd_Deva.parquet,94222
/multidata/yby_Latn.parquet,97474
/multidata/fue_Latn.parquet,3180
/multidata/pjt_Latn.parquet,104813
/multidata/nde_Latn.parquet,218668
/multidata/nmz_Latn.parquet,59
/multidata/opm_Latn.parquet,74900
/multidata/aom_Latn.parquet,106146
/multidata/ong_Latn.parquet,56368
/multidata/cmo_Latn.parquet,369727
/multidata/cat_Latn.parquet,681899
/multidata/spp_Latn.parquet,62197
/multidata/bru_Latn.parquet,451238
/multidata/ubr_Latn.parquet,49636
/multidata/kmb_Latn.parquet,232319
/multidata/upv_Latn.parquet,19080
/multidata/adh_Latn.parquet,2606
/multidata/mlt_Latn.parquet,493770
/multidata/naw_Latn.parquet,1476
/multidata/dan_Latn.parquet,539060
/multidata/sot_Latn.parquet,781711
/multidata/cpa_Latn.parquet,38156
/multidata/tzh_Latn.parquet,504909
/multidata/avu_Latn.parquet,154832
/multidata/lbe_Cyrl.parquet,418958
/multidata/twb_Latn.parquet,165
/multidata/run_Latn.parquet,382697
/multidata/lom_Latn.parquet,175
/multidata/raw_Latn.parquet,1066032
/multidata/kaa_Latn.parquet,316873
/multidata/plt_Latn.parquet,575837
/multidata/xrb_Latn.parquet,61075
/multidata/med_Latn.parquet,160971
/multidata/tcz_Latn.parquet,986241
/multidata/neb_Latn.parquet,4374
/multidata/nyf_Latn.parquet,11712
/multidata/bos_Latn.parquet,630439
/multidata/xsm_Latn.parquet,132716
/multidata/mbh_Latn.parquet,35763
/multidata/kkl_Latn.parquet,12957
/multidata/kle_Deva.parquet,206
/multidata/tzm_Tfng.parquet,231772
/multidata/mpp_Latn.parquet,65324
/multidata/pib_Latn.parquet,6399
/multidata/kus_Latn.parquet,53406
/multidata/ace_Latn.parquet,765360
/multidata/mza_Latn.parquet,12661
/multidata/sus_Latn.parquet,164116
/multidata/ptu_Latn.parquet,126169
/multidata/ncj_Latn.parquet,81260
/multidata/mcp_Latn.parquet,20233
/multidata/zpz_Latn.parquet,126617
/multidata/gqr_Latn.parquet,2974
/multidata/fuf_Latn.parquet,249702
/multidata/muh_Latn.parquet,87736
/multidata/moc_Latn.parquet,46
/multidata/brx_Deva.parquet,176697
/multidata/zty_Latn.parquet,83006
/multidata/cwt_Latn.parquet,69012
/multidata/taq_Latn.parquet,249504
/multidata/jpn_Jpan.parquet,56673
/multidata/guo_Latn.parquet,31178
/multidata/ibo_Latn.parquet,614555
/multidata/mee_Latn.parquet,50736
/multidata/lin_Latn.parquet,536180
/multidata/knx_Latn.parquet,842
/multidata/khy_Latn.parquet,129
/multidata/icr_Latn.parquet,14037
/multidata/tcf_Latn.parquet,38764
/multidata/gym_Latn.parquet,200207
/multidata/bjn_Latn.parquet,434725
/multidata/iws_Latn.parquet,32759
/multidata/mqb_Latn.parquet,105675
/multidata/biv_Latn.parquet,57529
/multidata/sur_Latn.parquet,75732
/multidata/amf_Latn.parquet,6080
/multidata/hat_Latn.parquet,606342
/multidata/chz_Latn.parquet,98277
/multidata/bvz_Latn.parquet,170530
/multidata/dln_Latn.parquet,2721
/multidata/hil_Latn.parquet,432173
/multidata/rel_Latn.parquet,10926
/multidata/gvf_Latn.parquet,57998
/multidata/rkb_Latn.parquet,25836
/multidata/zas_Latn.parquet,18990
/multidata/bmu_Latn.parquet,90935
/multidata/pau_Latn.parquet,231900
/multidata/gcr_Latn.parquet,43892
/multidata/pag_Latn.parquet,57604
/multidata/mbc_Latn.parquet,18170
/multidata/nhy_Latn.parquet,35483
/multidata/emp_Latn.parquet,61695
/multidata/dur_Latn.parquet,3576
/multidata/hbo_Hebr.parquet,707359
/multidata/pri_Latn.parquet,83491
/multidata/mpx_Latn.parquet,141155
/multidata/kbo_Latn.parquet,517
/multidata/viv_Latn.parquet,99852
/multidata/nbc_Latn.parquet,549
/multidata/mwq_Latn.parquet,112500
/multidata/mnw_Mymr.parquet,164587
/multidata/sag_Latn.parquet,927369
/multidata/syc_Syrc.parquet,607148
/multidata/snw_Latn.parquet,2861
/multidata/daa_Latn.parquet,3233
/multidata/lcp_Thai.parquet,11582
/multidata/cbk_Latn.parquet,439620
/multidata/amk_Latn.parquet,13426
/multidata/yan_Latn.parquet,4095
/multidata/lun_Latn.parquet,71
/multidata/gjn_Latn.parquet,323
/multidata/bus_Latn.parquet,37096
/multidata/sbd_Latn.parquet,165
/multidata/lww_Latn.parquet,42780
/multidata/kat_Geor.parquet,326871
/multidata/mio_Latn.parquet,21658
/multidata/olo_Latn.parquet,402930
/multidata/agt_Latn.parquet,15388
/multidata/asm_Latn.parquet,243273
/multidata/boa_Latn.parquet,6041
/multidata/bci_Latn.parquet,193521
/multidata/mfy_Latn.parquet,7898
/multidata/aby_Latn.parquet,74051
/multidata/jae_Latn.parquet,84730
/multidata/xsb_Latn.parquet,3308
/multidata/kzj_Latn.parquet,28439
/multidata/tos_Latn.parquet,73043
/multidata/tar_Latn.parquet,5338
/multidata/smj_Latn.parquet,134398
/multidata/rmn_Grek.parquet,255168
/multidata/tvk_Latn.parquet,62925
/multidata/trc_Latn.parquet,26595
/multidata/mwl_Latn.parquet,822561
/multidata/ivv_Latn.parquet,124
/multidata/qva_Latn.parquet,1830
/multidata/bpr_Latn.parquet,77787
/multidata/ses_Latn.parquet,4491
/multidata/ncq_Laoo.parquet,2456
/multidata/kgk_Latn.parquet,10836
/multidata/sgb_Latn.parquet,61889
/multidata/iso_Latn.parquet,328171
/multidata/mti_Latn.parquet,34242
/multidata/akh_Latn.parquet,11315
/multidata/hch_Latn.parquet,5671
/multidata/rmc_Latn.parquet,255018
/multidata/cui_Latn.parquet,51001
/multidata/yrb_Latn.parquet,25224
/multidata/nhg_Latn.parquet,33045
/multidata/cab_Latn.parquet,108412
/multidata/myk_Latn.parquet,13642
/multidata/tat_Cyrl.parquet,446946
/multidata/ukr_Cyrl.parquet,479061
/multidata/vls_Latn.parquet,359310
/multidata/yrk_Cyrl.parquet,104672
/multidata/giz_Latn.parquet,524
/multidata/guz_Latn.parquet,8072
/multidata/mbb_Latn.parquet,139021
/multidata/gui_Latn.parquet,93950
/multidata/dad_Latn.parquet,121009
/multidata/mal_Latn.parquet,162691
/multidata/aaz_Latn.parquet,145509
/multidata/snf_Latn.parquet,34031
/multidata/kyg_Latn.parquet,19763
/multidata/mfq_Latn.parquet,116615
/multidata/wat_Latn.parquet,311
/multidata/bem_Latn.parquet,187848
/multidata/xmm_Latn.parquet,4318
/multidata/sld_Latn.parquet,1328
/multidata/mgr_Latn.parquet,68368
/multidata/tiy_Latn.parquet,32036
/multidata/tbl_Latn.parquet,2378
/multidata/arb_Arab.parquet,565040
/multidata/frr_Latn.parquet,214934
/multidata/ton_Latn.parquet,732838
/multidata/ktu_Latn.parquet,7520
/multidata/sme_Latn.parquet,355730
/multidata/zpv_Latn.parquet,58357
/multidata/ivb_Latn.parquet,1204
/multidata/oss_Cyrl.parquet,396706
/multidata/cko_Latn.parquet,63989
/multidata/okv_Latn.parquet,28263
/multidata/lob_Latn.parquet,59
/multidata/kiu_Latn.parquet,457712
/multidata/gmh_Latn.parquet,2161325
/multidata/npi_Latn.parquet,189534
/multidata/sas_Latn.parquet,82928
/multidata/buk_Latn.parquet,71902
/multidata/grc_Grek.parquet,918470
/multidata/zar_Latn.parquet,24926
/multidata/isl_Latn.parquet,526597
/multidata/csy_Latn.parquet,66175
/multidata/tob_Latn.parquet,4998
/multidata/mal_Mlym.parquet,254865
/multidata/pan_Latn.parquet,378990
/multidata/nnw_Latn.parquet,1004
/multidata/rnd_Latn.parquet,39889
/multidata/cap_Latn.parquet,31041
/multidata/crn_Latn.parquet,268471
/multidata/mbs_Latn.parquet,22963
/multidata/vot_Latn.parquet,184
/multidata/kno_Latn.parquet,1026
/multidata/nnb_Latn.parquet,43528
/multidata/suz_Deva.parquet,26369
/multidata/krl_Latn.parquet,474324
/multidata/mny_Latn.parquet,759
/multidata/cri_Latn.parquet,7339
/multidata/ttc_Latn.parquet,17820
/multidata/mwn_Latn.parquet,5943
/multidata/acd_Latn.parquet,143973
/multidata/nou_Latn.parquet,30441
/multidata/cjv_Latn.parquet,5529
/multidata/kpe_Latn.parquet,70123
/multidata/dip_Latn.parquet,661
/multidata/ksd_Latn.parquet,145525
/multidata/cag_Latn.parquet,9400
/multidata/ssg_Latn.parquet,35990
/multidata/aca_Latn.parquet,25039
/multidata/kmd_Latn.parquet,1925
/multidata/lef_Latn.parquet,62791
/multidata/azg_Latn.parquet,44246
/multidata/myw_Latn.parquet,56652
/multidata/rwo_Latn.parquet,133707
/multidata/apn_Latn.parquet,16948
/multidata/btd_Latn.parquet,4040
/multidata/ncl_Latn.parquet,34404
/multidata/amp_Latn.parquet,930499
/multidata/des_Latn.parquet,100921
/multidata/bxr_Cyrl.parquet,458485
/multidata/maz_Latn.parquet,54860
/multidata/khz_Latn.parquet,55170
/multidata/lki_Arab.parquet,185651
/multidata/sid_Latn.parquet,87997
/multidata/mai_Deva.parquet,572102
/multidata/kpv_Cyrl.parquet,761210
/multidata/cme_Latn.parquet,4384
/multidata/kbq_Latn.parquet,8235
/multidata/guj_Gujr.parquet,427510
/multidata/coe_Latn.parquet,64948
/multidata/arb_Latn.parquet,361649
/multidata/cdf_Latn.parquet,211
/multidata/fuq_Latn.parquet,94246
/multidata/maj_Latn.parquet,7106
/multidata/yaq_Latn.parquet,15154
/multidata/myy_Latn.parquet,91930
/multidata/tpm_Latn.parquet,499
/multidata/eus_Latn.parquet,493607
/multidata/heb_Hebr.parquet,524193
/multidata/ker_Latn.parquet,1812
/multidata/whk_Latn.parquet,4412
/multidata/imo_Latn.parquet,82676
/multidata/mri_Latn.parquet,891570
/multidata/kik_Latn.parquet,109679
/multidata/gum_Latn.parquet,128399
/multidata/miq_Latn.parquet,93036
/multidata/llb_Latn.parquet,4128
/multidata/ban_Latn.parquet,632237
/multidata/otn_Latn.parquet,800
/multidata/akp_Latn.parquet,51223
/multidata/aak_Latn.parquet,203906
/multidata/kxw_Latn.parquet,6045
/multidata/awi_Latn.parquet,822
/multidata/qvh_Latn.parquet,57237
/multidata/mbd_Latn.parquet,711
/multidata/kaq_Latn.parquet,8838
/multidata/zos_Latn.parquet,21846
/multidata/twx_Latn.parquet,6098
/multidata/dyo_Latn.parquet,63488
/multidata/chw_Latn.parquet,30308
/multidata/dyi_Latn.parquet,125164
/multidata/mcd_Latn.parquet,38558
/multidata/ape_Latn.parquet,144115
/multidata/mas_Latn.parquet,30696
/multidata/sps_Latn.parquet,101015
/multidata/tgp_Latn.parquet,37224
/multidata/ffm_Latn.parquet,172720
/multidata/lia_Latn.parquet,63684
/multidata/ife_Latn.parquet,349
/multidata/djk_Latn.parquet,3765
/multidata/crm_Cans.parquet,35880
/multidata/lmp_Latn.parquet,37867
/multidata/lez_Cyrl.parquet,453896
/multidata/ext_Latn.parquet,367714
/multidata/ann_Latn.parquet,9734
/multidata/fan_Latn.parquet,2141
/multidata/wls_Latn.parquet,12925
/multidata/bdd_Latn.parquet,82254
/multidata/kri_Latn.parquet,18464
/multidata/vun_Latn.parquet,82998
/multidata/zaa_Latn.parquet,18133
/multidata/bqp_Latn.parquet,29630
/multidata/uig_Arab.parquet,423967
/multidata/kao_Latn.parquet,38568
/multidata/nab_Latn.parquet,23704
/multidata/old_Latn.parquet,1871
/multidata/gos_Latn.parquet,381703
/multidata/djr_Latn.parquet,48348
/multidata/mos_Latn.parquet,460787
/multidata/bib_Latn.parquet,94873
/multidata/mnk_Latn.parquet,51415
/multidata/acn_Latn.parquet,356871
/multidata/gun_Latn.parquet,51313
/multidata/nyn_Latn.parquet,145236
/multidata/swe_Latn.parquet,486306
/multidata/tly_Latn.parquet,486534
/multidata/wuu_Hani.parquet,28491
/multidata/nhw_Latn.parquet,128075
/multidata/kal_Latn.parquet,261099
/multidata/kdi_Latn.parquet,35159
/multidata/yaa_Latn.parquet,5634
/multidata/enm_Latn.parquet,1087765
/multidata/abn_Latn.parquet,10647
/multidata/cuc_Latn.parquet,29394
/multidata/nif_Latn.parquet,17154
/multidata/zpm_Latn.parquet,114110
/multidata/kor_Hang.parquet,495694
/multidata/kex_Deva.parquet,85
/multidata/cle_Latn.parquet,45223
/multidata/bwu_Latn.parquet,3843
/multidata/tod_Latn.parquet,26909
/multidata/tkl_Latn.parquet,21684
/multidata/xsr_Deva.parquet,28507
/multidata/hns_Latn.parquet,104371
/multidata/ekk_Latn.parquet,574599
/multidata/agu_Latn.parquet,153176
/multidata/npi_Deva.parquet,402975
/multidata/abs_Latn.parquet,468182
/multidata/xla_Latn.parquet,150299
/multidata/miy_Latn.parquet,14055
/multidata/tig_Ethi.parquet,127
/multidata/vro_Latn.parquet,408613
/multidata/ogo_Latn.parquet,13659
/multidata/kss_Latn.parquet,31512
/multidata/div_Thaa.parquet,325359
/multidata/mwp_Latn.parquet,35452
/multidata/cbs_Latn.parquet,82771
/multidata/shu_Arab.parquet,1065
/multidata/tpp_Latn.parquet,1694
/multidata/gle_Latn.parquet,564371
/multidata/npy_Latn.parquet,66704
/multidata/mar_Latn.parquet,174220
/multidata/ige_Latn.parquet,8714
/multidata/lhi_Latn.parquet,1281
/multidata/gub_Latn.parquet,44187
/multidata/nzi_Latn.parquet,269244
/multidata/nuy_Latn.parquet,16798
/multidata/qus_Latn.parquet,10420
/multidata/sda_Latn.parquet,7687
/multidata/mbf_Latn.parquet,631893
/multidata/row_Latn.parquet,42913
/multidata/cot_Latn.parquet,2756
/multidata/dah_Latn.parquet,84497
/multidata/sby_Latn.parquet,4017
/multidata/glk_Arab.parquet,452608
/multidata/szy_Latn.parquet,359339
/multidata/khq_Latn.parquet,101
/multidata/urd_Arab.parquet,593121
/multidata/ast_Latn.parquet,521946
/multidata/udu_Latn.parquet,22836
/multidata/sey_Latn.parquet,8469
/multidata/zpi_Latn.parquet,8477
/multidata/fon_Latn.parquet,345049
/multidata/uzs_Arab.parquet,242672
/multidata/ben_Latn.parquet,418674
/multidata/zao_Latn.parquet,11976
/multidata/qvi_Latn.parquet,22762
/multidata/pmq_Latn.parquet,1813
/multidata/ndo_Latn.parquet,394322
/multidata/moa_Latn.parquet,965
/multidata/mil_Latn.parquet,65086
/multidata/lrc_Arab.parquet,130931
/multidata/clu_Latn.parquet,15995
/multidata/snc_Latn.parquet,40599
/multidata/haw_Latn.parquet,702747
/multidata/zsm_Arab.parquet,791
/multidata/keo_Latn.parquet,49450
/multidata/nzm_Latn.parquet,1260
/multidata/blz_Latn.parquet,60436
/multidata/bzj_Latn.parquet,27368
/multidata/nia_Latn.parquet,116914
/multidata/ded_Latn.parquet,123779
/multidata/eka_Latn.parquet,592
/multidata/ota_Arab.parquet,18889
/multidata/inb_Latn.parquet,61195
/multidata/meq_Latn.parquet,74952
/multidata/non_Latn.parquet,2356089
/multidata/new_Deva.parquet,344019
/multidata/awx_Latn.parquet,28200
/multidata/kbd_Cyrl.parquet,553251
/multidata/vep_Latn.parquet,319903
/multidata/ptp_Latn.parquet,34312
/multidata/hra_Latn.parquet,811
/multidata/rub_Latn.parquet,1451
/multidata/krj_Latn.parquet,218129
/multidata/kqn_Latn.parquet,54447
/multidata/wos_Latn.parquet,63035
/multidata/dnj_Latn.parquet,98178
/multidata/lcm_Latn.parquet,32164
/multidata/jiv_Latn.parquet,44288
/multidata/acm_Arab.parquet,346181
/multidata/nph_Latn.parquet,1054
/multidata/etr_Latn.parquet,14570
/multidata/kqw_Latn.parquet,48242
/multidata/mns_Cyrl.parquet,1305
/multidata/pfe_Latn.parquet,496
/multidata/mtp_Latn.parquet,50410
/multidata/kix_Latn.parquet,38495
/multidata/bvr_Latn.parquet,75897
/multidata/kyf_Latn.parquet,28479
/multidata/gnw_Latn.parquet,32230
/multidata/nah_Latn.parquet,113971
/multidata/sju_Latn.parquet,295
/multidata/yap_Latn.parquet,246278
/multidata/tsg_Latn.parquet,39328
/multidata/kms_Latn.parquet,55298
/multidata/chk_Latn.parquet,277979
/multidata/rup_Latn.parquet,205861
/multidata/mif_Latn.parquet,98903
/multidata/dks_Latn.parquet,1466
/multidata/atq_Latn.parquet,356
/multidata/ghs_Latn.parquet,4680
/multidata/wnu_Latn.parquet,17030
/multidata/xmv_Latn.parquet,18858
/multidata/kak_Latn.parquet,1424
/multidata/tuk_Latn.parquet,402597
/multidata/kaz_Cyrl.parquet,479840
/multidata/ria_Latn.parquet,13225
/multidata/ury_Latn.parquet,2170
/multidata/bps_Latn.parquet,24231
/multidata/whg_Latn.parquet,2836
/multidata/arn_Latn.parquet,226527
/multidata/gag_Latn.parquet,388606
/multidata/mrw_Latn.parquet,80983
/multidata/cao_Latn.parquet,25754
/multidata/chr_Cher.parquet,27013
/multidata/lap_Latn.parquet,946
/multidata/mox_Latn.parquet,54537
/multidata/jac_Latn.parquet,243831
/multidata/agm_Latn.parquet,51859
/multidata/wob_Latn.parquet,640
/multidata/maq_Latn.parquet,106092
/multidata/arz_Arab.parquet,425560
/multidata/apc_Arab.parquet,161475
/multidata/ixl_Latn.parquet,103457
/multidata/iba_Latn.parquet,430416
/multidata/mnb_Latn.parquet,2324
/multidata/cul_Latn.parquet,1664
/multidata/lis_Lisu.parquet,221
/multidata/cfm_Latn.parquet,361342
/multidata/pab_Latn.parquet,42511
/multidata/jam_Latn.parquet,514287
/multidata/ady_Cyrl.parquet,359958
/multidata/sat_Olck.parquet,183472
/multidata/mcb_Latn.parquet,5123
/multidata/dsh_Latn.parquet,9718
/multidata/qvc_Latn.parquet,16327
/multidata/tnk_Latn.parquet,30926
/multidata/tuk_Arab.parquet,31613
/multidata/mav_Latn.parquet,29696
/multidata/urt_Latn.parquet,23318
/multidata/gul_Latn.parquet,156587
/multidata/lew_Latn.parquet,10378
/multidata/zpj_Latn.parquet,1430
/multidata/rav_Deva.parquet,25718
/multidata/fal_Latn.parquet,61380
/multidata/plw_Latn.parquet,9461
/multidata/wbp_Latn.parquet,23990
/multidata/lbj_Tibt.parquet,8839
/multidata/gkn_Latn.parquet,25669
/multidata/meu_Latn.parquet,197114
/multidata/hus_Latn.parquet,215745
/multidata/btt_Latn.parquet,53
/multidata/abt_Latn.parquet,293932
/multidata/rme_Latn.parquet,57664
/multidata/yss_Latn.parquet,128333
/multidata/aia_Latn.parquet,36414
/multidata/kbc_Latn.parquet,25627
/multidata/ify_Latn.parquet,231445
/multidata/kwy_Latn.parquet,83439
/multidata/mfz_Latn.parquet,53176
/multidata/nyu_Latn.parquet,131563
/multidata/kpw_Latn.parquet,73314
/multidata/ifa_Latn.parquet,862
/multidata/obo_Latn.parquet,1140
/multidata/mpm_Latn.parquet,41123
/multidata/nas_Latn.parquet,94763
/multidata/ain_Latn.parquet,17313
/multidata/skg_Latn.parquet,72370
/multidata/sgc_Latn.parquet,158945
/multidata/soy_Latn.parquet,11761
/multidata/ctu_Latn.parquet,43303
/multidata/nod_Thai.parquet,8553
/multidata/ahk_Latn.parquet,4181
/multidata/sco_Latn.parquet,474026
/multidata/mad_Latn.parquet,173726
/multidata/mrg_Latn.parquet,15034
/multidata/zca_Latn.parquet,1198
/multidata/bqj_Latn.parquet,2019
/multidata/suc_Latn.parquet,3620
/multidata/cek_Latn.parquet,35905
/multidata/nhu_Latn.parquet,380439
/multidata/smt_Latn.parquet,284
/multidata/tbg_Latn.parquet,95156
/multidata/mda_Latn.parquet,849
/multidata/qup_Latn.parquet,31714
/multidata/knv_Latn.parquet,132170
/multidata/lif_Deva.parquet,14622
/multidata/rmy_Latn.parquet,2801622
/multidata/tsw_Latn.parquet,14493
/multidata/yon_Latn.parquet,78259
/multidata/mig_Latn.parquet,6219
/multidata/ifk_Latn.parquet,78326
/multidata/ksc_Latn.parquet,4385
/multidata/nav_Latn.parquet,1325
/multidata/bho_Deva.parquet,383427
/multidata/mkl_Latn.parquet,1408
/multidata/fij_Latn.parquet,753066
/multidata/yao_Latn.parquet,30638
/multidata/nld_Latn.parquet,415357
/multidata/mib_Latn.parquet,8989
/multidata/aln_Latn.parquet,444994
/multidata/bao_Latn.parquet,76405
/multidata/yml_Latn.parquet,72833
/multidata/blh_Latn.parquet,81093
/multidata/llg_Latn.parquet,37415
/multidata/otq_Latn.parquet,98628
/multidata/ksp_Latn.parquet,3425
/multidata/oke_Latn.parquet,6649
/multidata/ote_Latn.parquet,112222
/multidata/ssd_Latn.parquet,16340
/multidata/quz_Latn.parquet,253767
/multidata/faa_Latn.parquet,16346
/multidata/nrm_Latn.parquet,421351
/multidata/tvl_Latn.parquet,312206
/multidata/glv_Latn.parquet,221839
/multidata/ubu_Latn.parquet,236827
/multidata/duo_Latn.parquet,1748
/multidata/qxh_Latn.parquet,76324
/multidata/frp_Latn.parquet,375180
/multidata/agd_Latn.parquet,51991
/multidata/men_Latn.parquet,66143
/multidata/pma_Latn.parquet,87706
/multidata/klt_Latn.parquet,7775
/multidata/rmn_Latn.parquet,507094
/multidata/mfi_Latn.parquet,74977
/multidata/mdf_Cyrl.parquet,467015
/multidata/xuo_Latn.parquet,6553
/multidata/pon_Latn.parquet,346135
/multidata/eri_Latn.parquet,22844
/multidata/rop_Latn.parquet,701361
/multidata/kze_Latn.parquet,48724
/multidata/geb_Latn.parquet,30295
/multidata/zav_Latn.parquet,3646
/multidata/nhr_Latn.parquet,11116
/multidata/waj_Latn.parquet,7670
/multidata/bkq_Latn.parquet,657
/multidata/kdc_Latn.parquet,12903
/multidata/sna_Latn.parquet,408053
/multidata/cbt_Latn.parquet,9660
/multidata/amm_Latn.parquet,74360
/multidata/kne_Latn.parquet,26434
/multidata/awa_Deva.parquet,406372
/multidata/mur_Latn.parquet,35120
/multidata/gur_Latn.parquet,218599
/multidata/sin_Sinh.parquet,378084
/multidata/gag_Cyrl.parquet,56371
/multidata/xed_Latn.parquet,22282
/multidata/mhi_Latn.parquet,5191
/multidata/kue_Latn.parquet,40753
/multidata/gdg_Latn.parquet,12659
/multidata/guh_Latn.parquet,29897
/multidata/goa_Latn.parquet,1202
/multidata/yom_Latn.parquet,54595
/multidata/kck_Latn.parquet,8003
/multidata/dty_Deva.parquet,152
/multidata/bpy_Beng.parquet,24864
/multidata/gfk_Latn.parquet,158460
/multidata/iri_Latn.parquet,74
/multidata/fao_Latn.parquet,521937
/multidata/bth_Latn.parquet,2433
/multidata/bla_Latn.parquet,4069
/multidata/lln_Latn.parquet,25734
/multidata/fkv_Latn.parquet,151918
/multidata/kqe_Latn.parquet,14112
/multidata/mux_Latn.parquet,119835
/multidata/khs_Latn.parquet,99805
/multidata/mww_Latn.parquet,759458
/multidata/nmf_Latn.parquet,18371
/multidata/tsn_Latn.parquet,943326
/multidata/ltg_Latn.parquet,425970
/multidata/caq_Latn.parquet,24024
/multidata/kmr_Cyrl.parquet,46269
/multidata/kbh_Latn.parquet,21867
/multidata/min_Arab.parquet,6630
/multidata/wim_Latn.parquet,44764
/multidata/mnf_Latn.parquet,58
/multidata/bjp_Latn.parquet,41240
/multidata/dtb_Latn.parquet,1448
/multidata/asm_Beng.parquet,332820
/multidata/pot_Latn.parquet,8569
/multidata/vec_Latn.parquet,443487
/multidata/mbj_Latn.parquet,10091
/multidata/myb_Latn.parquet,1084
/multidata/snd_Arab.parquet,636693
/multidata/zam_Latn.parquet,227
/multidata/msy_Latn.parquet,133924
/multidata/ita_Latn.parquet,448320
/multidata/spm_Latn.parquet,7392
/multidata/mpg_Latn.parquet,473
/multidata/pdt_Latn.parquet,206446
/multidata/rug_Latn.parquet,142906
/multidata/qub_Latn.parquet,63075
/multidata/dgr_Latn.parquet,33814
/multidata/mrv_Latn.parquet,426
/multidata/kyu_Latn.parquet,4831
/multidata/sfw_Latn.parquet,470
/multidata/mni_Beng.parquet,659841
/multidata/fai_Latn.parquet,20089
/multidata/txu_Latn.parquet,101059
/multidata/gdr_Latn.parquet,11032
/multidata/lub_Latn.parquet,226794
/multidata/bgt_Latn.parquet,41122
/multidata/nst_Latn.parquet,707
/multidata/csb_Latn.parquet,559305
/multidata/kkj_Latn.parquet,89440
/multidata/ceb_Latn.parquet,629311
/multidata/jra_Latn.parquet,192177
/multidata/tue_Latn.parquet,12932
/multidata/dug_Latn.parquet,1240
/multidata/bku_Latn.parquet,219066
/multidata/acf_Latn.parquet,132848
/multidata/bar_Latn.parquet,439987
/multidata/naf_Latn.parquet,32538
/multidata/alz_Latn.parquet,129663
/multidata/lud_Latn.parquet,8393
/multidata/mcf_Latn.parquet,8046
/multidata/bgz_Latn.parquet,256
/multidata/kto_Latn.parquet,78344
/multidata/lac_Latn.parquet,71361
/multidata/mjw_Latn.parquet,124175
/multidata/chq_Latn.parquet,2056
/multidata/zae_Latn.parquet,8289
/multidata/bhl_Latn.parquet,170029
/multidata/vie_Latn.parquet,851584
/multidata/nhe_Latn.parquet,135926
/multidata/atb_Latn.parquet,51593
/multidata/kdr_Latn.parquet,55838
/multidata/cly_Latn.parquet,1651
/multidata/pah_Latn.parquet,53253
/multidata/bhg_Latn.parquet,16478
/multidata/tlh_Latn.parquet,302080
/multidata/biu_Latn.parquet,2241
/multidata/hye_Armn.parquet,402672
/multidata/zpt_Latn.parquet,14846
/multidata/goh_Latn.parquet,1155340
/multidata/ngp_Latn.parquet,7916
/multidata/hun_Latn.parquet,599154
/multidata/aey_Latn.parquet,105186
/multidata/kyu_Kali.parquet,128
/multidata/sus_Arab.parquet,127949
/multidata/ppo_Latn.parquet,54163
/multidata/dak_Latn.parquet,19677
/multidata/cco_Latn.parquet,98943
/multidata/chu_Cyrl.parquet,167418
/multidata/abz_Latn.parquet,8145
/multidata/tzj_Latn.parquet,194334
/multidata/fud_Latn.parquet,157
/multidata/crs_Latn.parquet,4490287
/multidata/pck_Latn.parquet,694925
/multidata/seh_Latn.parquet,110357
/multidata/diq_Latn.parquet,409056
/multidata/poe_Latn.parquet,843
/multidata/bhp_Latn.parquet,25276
/multidata/kan_Knda.parquet,295589
/multidata/any_Latn.parquet,4709
/multidata/dop_Latn.parquet,93695
/multidata/gaa_Latn.parquet,466976
/multidata/vmy_Latn.parquet,52292
/multidata/hmo_Latn.parquet,321387
/multidata/pss_Latn.parquet,456
/multidata/trn_Latn.parquet,64906
/multidata/tah_Latn.parquet,1085662
/multidata/ilb_Latn.parquet,113
/multidata/fas_Arab.parquet,539029
/multidata/caa_Latn.parquet,39897
/multidata/bsn_Latn.parquet,89956
/multidata/pao_Latn.parquet,34271
/multidata/cbu_Latn.parquet,74521
/multidata/koo_Latn.parquet,63781
/multidata/bco_Latn.parquet,14004
/multidata/abk_Cyrl.parquet,513173
/multidata/bzi_Thai.parquet,26222
/multidata/tiv_Latn.parquet,450528
/multidata/kqf_Latn.parquet,8453
/multidata/ddg_Latn.parquet,5455
/multidata/ctd_Latn.parquet,808936
/multidata/ben_Beng.parquet,456992
/multidata/idu_Latn.parquet,30963
/multidata/lfn_Cyrl.parquet,43085
/multidata/hin_Deva.parquet,605330
/multidata/sms_Latn.parquet,188429
/multidata/mjc_Latn.parquet,12727
/multidata/tte_Latn.parquet,41185
/multidata/cor_Latn.parquet,446625
/multidata/gah_Latn.parquet,7147
/multidata/ruf_Latn.parquet,2943
/multidata/ces_Latn.parquet,549732
/multidata/ame_Latn.parquet,14312
/multidata/mhl_Latn.parquet,61964
/multidata/teo_Latn.parquet,74422
/multidata/afr_Latn.parquet,634031
/multidata/dhm_Latn.parquet,11598
/multidata/dis_Latn.parquet,219
/multidata/mlp_Latn.parquet,99229
/multidata/mni_Mtei.parquet,14513
/multidata/azj_Latn.parquet,505206
/multidata/sgs_Latn.parquet,205825
/multidata/cub_Latn.parquet,4270
/multidata/zne_Latn.parquet,71839
/multidata/efi_Latn.parquet,556040
/multidata/nlg_Latn.parquet,3215
/multidata/rue_Cyrl.parquet,339700
/multidata/sbe_Latn.parquet,60669
/multidata/wap_Latn.parquet,3317
/multidata/miz_Latn.parquet,11756
/multidata/zia_Latn.parquet,88061
/multidata/sdq_Latn.parquet,1969
/multidata/swg_Latn.parquet,255623
/multidata/nma_Latn.parquet,1148
/multidata/kmy_Latn.parquet,5425
/multidata/top_Latn.parquet,95212
/multidata/heh_Latn.parquet,57527
/multidata/mhr_Cyrl.parquet,373090
/multidata/atj_Latn.parquet,142364
/multidata/sil_Latn.parquet,11481
/multidata/smo_Latn.parquet,703155
/multidata/trv_Latn.parquet,278125
/multidata/ccp_Latn.parquet,19008
/multidata/laj_Latn.parquet,9084
/multidata/dnw_Latn.parquet,2521
/multidata/pmf_Latn.parquet,2561
/multidata/hot_Latn.parquet,25008
/multidata/fuv_Latn.parquet,209343
/multidata/gde_Latn.parquet,79530
/multidata/aim_Latn.parquet,714
/multidata/law_Latn.parquet,6613
/multidata/tku_Latn.parquet,10744
/multidata/dgi_Latn.parquet,57953
/multidata/ayp_Arab.parquet,44431
/multidata/ura_Latn.parquet,71871
/multidata/sck_Deva.parquet,3282
/multidata/kwd_Latn.parquet,46900
/multidata/xtn_Latn.parquet,76170
/multidata/msb_Latn.parquet,27537
/multidata/omw_Latn.parquet,29447
/multidata/lsm_Latn.parquet,47383
/multidata/uvh_Latn.parquet,69673
/multidata/inh_Cyrl.parquet,606119
/multidata/bba_Latn.parquet,200133
/multidata/apw_Latn.parquet,10085
/multidata/nfr_Latn.parquet,71579
/multidata/por_Latn.parquet,455992
/multidata/ons_Latn.parquet,4298
/multidata/kas_Latn.parquet,574729
/multidata/pcd_Latn.parquet,306000
/multidata/cpy_Latn.parquet,31390
/multidata/nij_Latn.parquet,75462
/multidata/urk_Thai.parquet,63713
/multidata/bin_Latn.parquet,97914
/multidata/enq_Latn.parquet,28237
/multidata/qxl_Latn.parquet,5744
/multidata/kia_Latn.parquet,130
/multidata/bbr_Latn.parquet,95948
/multidata/nwi_Latn.parquet,54950
/multidata/rar_Latn.parquet,286295
/multidata/mps_Latn.parquet,272065
/multidata/ngu_Latn.parquet,87169
/multidata/kmo_Latn.parquet,58831
/multidata/rim_Latn.parquet,432
/multidata/fmu_Deva.parquet,371
/multidata/knk_Latn.parquet,66466
/multidata/aai_Latn.parquet,87195
/multidata/sxb_Latn.parquet,12730
/multidata/cop_Copt.parquet,334039
/multidata/snn_Latn.parquet,21790
/multidata/rhg_Latn.parquet,860
/multidata/rai_Latn.parquet,52262
/multidata/tew_Latn.parquet,14646
/multidata/tnc_Latn.parquet,744
/multidata/ino_Latn.parquet,36053
/multidata/bhz_Latn.parquet,143
/multidata/mim_Latn.parquet,5505
/multidata/qvz_Latn.parquet,49218
/multidata/ido_Latn.parquet,284527
/multidata/bsq_Latn.parquet,19942
/multidata/ood_Latn.parquet,2706
/multidata/pbb_Latn.parquet,14415
/multidata/zgh_Tfng.parquet,17234
/multidata/apr_Latn.parquet,63980
/multidata/bjv_Latn.parquet,103842
/multidata/etu_Latn.parquet,257
/multidata/ksj_Latn.parquet,804
/multidata/zab_Latn.parquet,33916
/multidata/sja_Latn.parquet,78909
/multidata/wba_Latn.parquet,1898
/multidata/nsn_Latn.parquet,36306
/multidata/sny_Latn.parquet,87849
/multidata/ade_Latn.parquet,1845
/multidata/tab_Cyrl.parquet,177125
/multidata/mcn_Latn.parquet,764
/multidata/syb_Latn.parquet,11092
/multidata/otm_Latn.parquet,49459
/multidata/azj_Cyrl.parquet,527226
/multidata/lue_Latn.parquet,33776
/multidata/ile_Latn.parquet,220906
/multidata/kkc_Latn.parquet,75964
/multidata/ncu_Latn.parquet,20662
/multidata/sdo_Latn.parquet,119
/multidata/ktm_Latn.parquet,60
/multidata/sat_Latn.parquet,36214
/multidata/bbc_Latn.parquet,995045
/multidata/nhi_Latn.parquet,70366
/multidata/qxn_Latn.parquet,19641
/multidata/cac_Latn.parquet,285593
/multidata/mxb_Latn.parquet,77166
/multidata/tim_Latn.parquet,24536
/multidata/tuk_Cyrl.parquet,654539
/multidata/cnk_Latn.parquet,165659
/multidata/cbc_Latn.parquet,99403
/multidata/dyu_Latn.parquet,321293
/multidata/kwn_Latn.parquet,121664
/multidata/her_Latn.parquet,157908
/multidata/leh_Latn.parquet,7114
/multidata/blk_Mymr.parquet,97391
/multidata/bis_Latn.parquet,600326
/multidata/mna_Latn.parquet,16880
/multidata/fro_Latn.parquet,2186299
/multidata/ljp_Latn.parquet,81774
/multidata/gwr_Latn.parquet,115
/multidata/hwc_Latn.parquet,252184
/multidata/dar_Cyrl.parquet,109483
/multidata/tpz_Latn.parquet,112194
/multidata/noa_Latn.parquet,65738
/multidata/mui_Latn.parquet,586653
/multidata/qug_Latn.parquet,285085
/multidata/ajg_Latn.parquet,6818
/multidata/var_Latn.parquet,2851
/multidata/usp_Latn.parquet,73710
/multidata/ind_Latn.parquet,557864
/multidata/bfd_Latn.parquet,89308
/multidata/swb_Latn.parquet,9204
/multidata/niy_Latn.parquet,1286
/multidata/ayr_Latn.parquet,293470
/multidata/tih_Latn.parquet,6109
/multidata/kqp_Latn.parquet,91435
/multidata/srr_Latn.parquet,18104
/multidata/shp_Latn.parquet,7931
/multidata/xtm_Latn.parquet,8132
/multidata/kup_Latn.parquet,89491
/multidata/zpu_Latn.parquet,115957
/multidata/tok_Latn.parquet,102586
/multidata/lif_Limb.parquet,10695
/multidata/tso_Latn.parquet,947535
/multidata/mxt_Latn.parquet,41166
/multidata/ada_Latn.parquet,132102
/multidata/bcl_Latn.parquet,433062
/multidata/lus_Latn.parquet,565698
/multidata/crh_Cyrl.parquet,446257
/multidata/cgc_Latn.parquet,92518
/multidata/dww_Latn.parquet,90505
/multidata/suk_Latn.parquet,55869
/multidata/bxh_Latn.parquet,5219
/multidata/kpg_Latn.parquet,156985
/multidata/ron_Cyrl.parquet,318608
/multidata/huu_Latn.parquet,8961
/multidata/slv_Latn.parquet,619737
/multidata/xsi_Latn.parquet,102281
/multidata/mhx_Latn.parquet,87067
/multidata/kjb_Latn.parquet,2079
/multidata/zsr_Latn.parquet,4880
/multidata/blw_Latn.parquet,18492
/multidata/cpu_Latn.parquet,2666
/multidata/aoi_Latn.parquet,26472
/multidata/tem_Latn.parquet,727
/multidata/cjo_Latn.parquet,1063
/multidata/ssw_Latn.parquet,247477
/multidata/diu_Latn.parquet,118
/multidata/luc_Latn.parquet,22845
/multidata/cak_Latn.parquet,496976
/multidata/lld_Latn.parquet,243808
/multidata/tcy_Knda.parquet,202775
/multidata/esu_Latn.parquet,25946
/multidata/yuw_Latn.parquet,56715
/multidata/bea_Latn.parquet,852
/multidata/amx_Latn.parquet,7529
/multidata/loe_Latn.parquet,356
/multidata/mgo_Latn.parquet,374
/multidata/sua_Latn.parquet,194308
/multidata/mbi_Latn.parquet,42492
/multidata/cpb_Latn.parquet,10848
/multidata/xmf_Geor.parquet,310859
/multidata/wuv_Latn.parquet,47766
/multidata/ian_Latn.parquet,6136
/multidata/jmc_Latn.parquet,3223
/multidata/trp_Latn.parquet,27608
/multidata/khk_Cyrl.parquet,460542
/multidata/gna_Latn.parquet,75
/multidata/tuc_Latn.parquet,118481
/multidata/nre_Latn.parquet,2811
/multidata/auc_Latn.parquet,8962
/multidata/cto_Latn.parquet,19183
/multidata/toh_Latn.parquet,43579
/multidata/ell_Grek.parquet,487228
/multidata/bum_Latn.parquet,109098
/multidata/ilo_Latn.parquet,393645
/multidata/hae_Latn.parquet,22000
/multidata/kng_Latn.parquet,617502
/multidata/kum_Cyrl.parquet,614288
/multidata/xbr_Latn.parquet,187
/multidata/mva_Latn.parquet,62109
/multidata/gej_Latn.parquet,503
/multidata/ace_Arab.parquet,2982
/multidata/mbl_Latn.parquet,38421
/multidata/mag_Deva.parquet,133918
/multidata/mer_Latn.parquet,57072
/multidata/som_Latn.parquet,520876
/multidata/mdy_Ethi.parquet,89115
/multidata/zyp_Latn.parquet,119823
/multidata/for_Latn.parquet,5727
/multidata/kcg_Latn.parquet,6105
/multidata/rmy_Cyrl.parquet,108290
/multidata/bbj_Latn.parquet,6762
/multidata/bmq_Latn.parquet,1189
/multidata/ots_Latn.parquet,443
/multidata/wer_Latn.parquet,42507
/multidata/bak_Cyrl.parquet,386561
/multidata/taw_Latn.parquet,3539
/multidata/jav_Latn.parquet,643552
/multidata/tke_Latn.parquet,7787
/multidata/gwi_Latn.parquet,6127
/multidata/kas_Arab.parquet,75265
/multidata/mwv_Latn.parquet,54482
/multidata/ava_Cyrl.parquet,398307
/multidata/iqw_Latn.parquet,1764
/multidata/fin_Latn.parquet,580110
/multidata/srp_Latn.parquet,521858
/multidata/mrq_Latn.parquet,1147
/multidata/tpt_Latn.parquet,47702
/multidata/kdl_Latn.parquet,16283
/multidata/zat_Latn.parquet,39930
/multidata/way_Latn.parquet,1881
/multidata/njm_Latn.parquet,608
/multidata/sxn_Latn.parquet,11952
/multidata/pem_Latn.parquet,14973
/multidata/bsc_Latn.parquet,663
/multidata/tgo_Latn.parquet,27647
/multidata/knc_Arab.parquet,338735
/multidata/ign_Latn.parquet,5508
/multidata/lwo_Latn.parquet,4814
/multidata/ebk_Latn.parquet,3890
/multidata/too_Latn.parquet,16022
/multidata/gug_Latn.parquet,455568
/multidata/tha_Thai.parquet,148029
/multidata/mph_Latn.parquet,1515
/multidata/mus_Latn.parquet,829
/multidata/ybb_Latn.parquet,33343
/multidata/con_Latn.parquet,4623
/multidata/pwn_Latn.parquet,64607
/multidata/tcs_Latn.parquet,43338
/multidata/tyv_Cyrl.parquet,542157
/multidata/orv_Cyrl.parquet,6049
/multidata/min_Latn.parquet,218973
/multidata/kjh_Cyrl.parquet,73681
/multidata/mzk_Latn.parquet,1367
/multidata/tik_Latn.parquet,622
/multidata/ngl_Latn.parquet,25748
/multidata/kpf_Latn.parquet,40574
/multidata/guk_Ethi.parquet,28953
/multidata/xbi_Latn.parquet,41321
/multidata/lbk_Latn.parquet,6826
/multidata/mrj_Cyrl.parquet,605340
/multidata/shn_Mymr.parquet,174366
/multidata/pls_Latn.parquet,26207
/multidata/fub_Latn.parquet,11342
/multidata/pne_Latn.parquet,815
/multidata/fra_Latn.parquet,497128
/multidata/spa_Latn.parquet,481592
/multidata/tpi_Latn.parquet,783584
/multidata/zom_Latn.parquet,470774
/multidata/crx_Latn.parquet,67557
/multidata/tnn_Latn.parquet,67169
/multidata/aly_Latn.parquet,40716
/multidata/dgc_Latn.parquet,48820
/multidata/hsb_Latn.parquet,306753
/multidata/dtp_Latn.parquet,152748
/multidata/cav_Latn.parquet,79441
/multidata/yua_Latn.parquet,382239
/multidata/lug_Latn.parquet,299442
/multidata/ppk_Latn.parquet,72739
/multidata/mah_Latn.parquet,252012
/multidata/lbb_Latn.parquet,40292
/multidata/sig_Latn.parquet,84293
/multidata/hix_Latn.parquet,8567
/multidata/mir_Latn.parquet,7418
/multidata/ltz_Latn.parquet,528908
/multidata/enl_Latn.parquet,6510
/multidata/wrs_Latn.parquet,49522
/multidata/mtg_Latn.parquet,3301
/multidata/yup_Latn.parquet,277
/multidata/ojb_Latn.parquet,869
/multidata/csw_Latn.parquet,16207
/multidata/guj_Latn.parquet,120724
/multidata/mck_Latn.parquet,5775
/multidata/qvs_Latn.parquet,55189
/multidata/mhw_Latn.parquet,4156
/multidata/ish_Latn.parquet,9243
/multidata/uig_Cyrl.parquet,393818
/multidata/zpo_Latn.parquet,15880
/multidata/guc_Latn.parquet,49541
/multidata/ksr_Latn.parquet,62934
/multidata/stq_Latn.parquet,146024
/multidata/tmc_Latn.parquet,844
/multidata/bcw_Latn.parquet,2248
/multidata/gdn_Latn.parquet,45360
/multidata/bbb_Latn.parquet,26070
/multidata/cbv_Latn.parquet,48968
/multidata/pbt_Arab.parquet,549120
/multidata/sma_Latn.parquet,328872
/multidata/frd_Latn.parquet,3312
/multidata/hay_Latn.parquet,45965
/multidata/ewo_Latn.parquet,186325
/multidata/dsb_Latn.parquet,294120
/multidata/kbr_Latn.parquet,53525
/multidata/tkr_Cyrl.parquet,25757
/multidata/abx_Latn.parquet,89306
/multidata/hak_Latn.parquet,132795
/multidata/tbc_Latn.parquet,108705
/multidata/kmh_Latn.parquet,149724
/multidata/kpj_Latn.parquet,1421
/multidata/gnd_Latn.parquet,112888
/multidata/gaw_Latn.parquet,70610
/multidata/sjo_Mong.parquet,90
/multidata/sim_Latn.parquet,83463
/multidata/kas_Deva.parquet,149176
/multidata/ami_Latn.parquet,149247
/multidata/gux_Latn.parquet,108117
/multidata/ory_Latn.parquet,44363
/multidata/dgz_Latn.parquet,103688
/multidata/jic_Latn.parquet,9698
/multidata/cou_Latn.parquet,319
/multidata/pio_Latn.parquet,5879
/multidata/pfl_Latn.parquet,306437
/multidata/cce_Latn.parquet,68541
/multidata/qvw_Latn.parquet,36106
/multidata/bdh_Latn.parquet,44994
/multidata/ibg_Latn.parquet,26658
/multidata/aoj_Latn.parquet,241936
/multidata/kgr_Latn.parquet,10103
/multidata/uvl_Latn.parquet,60163
/multidata/awb_Latn.parquet,712
/multidata/yre_Latn.parquet,24397
/multidata/npo_Latn.parquet,1449
/multidata/bav_Latn.parquet,146
/multidata/zac_Latn.parquet,32482
/multidata/apz_Latn.parquet,31222
/multidata/myu_Latn.parquet,14837
/multidata/srq_Latn.parquet,4881
/multidata/loz_Latn.parquet,544748
/multidata/ted_Latn.parquet,43492
/multidata/zpq_Latn.parquet,586
/multidata/kab_Latn.parquet,192643
/multidata/che_Cyrl.parquet,297845
/multidata/nsu_Latn.parquet,30429
/multidata/kwf_Latn.parquet,34530
/multidata/toj_Latn.parquet,73322
/multidata/lij_Latn.parquet,1615260
/multidata/cnh_Latn.parquet,529278
/multidata/mfh_Latn.parquet,1304
/multidata/pbi_Latn.parquet,250
/multidata/pnt_Grek.parquet,258729
/multidata/cnt_Latn.parquet,75291
/multidata/luo_Latn.parquet,329653
/multidata/amh_Ethi.parquet,422698
/multidata/srm_Latn.parquet,8811
/multidata/kqc_Latn.parquet,13901
/multidata/tna_Latn.parquet,13161
/multidata/lam_Latn.parquet,48253
/multidata/mop_Latn.parquet,107630
/multidata/gla_Latn.parquet,724212
/multidata/myx_Latn.parquet,15103
/multidata/tnp_Latn.parquet,29373
/multidata/bqc_Latn.parquet,134747
/multidata/toc_Latn.parquet,16616
/multidata/auy_Latn.parquet,32303
/multidata/nqo_Nkoo.parquet,130766
/multidata/poi_Latn.parquet,17445
/multidata/pms_Latn.parquet,382566
/multidata/wlv_Latn.parquet,300
/multidata/nog_Cyrl.parquet,220862
/multidata/ory_Orya.parquet,352460
/multidata/yli_Latn.parquet,77271
/multidata/rcf_Latn.parquet,258704
/multidata/rng_Latn.parquet,55777
/multidata/kzf_Latn.parquet,1446
/multidata/car_Latn.parquet,63910
/multidata/gog_Latn.parquet,57132
/multidata/isd_Latn.parquet,54513
/multidata/pad_Latn.parquet,64339
/multidata/lvs_Latn.parquet,589125
/multidata/caf_Latn.parquet,37331
/multidata/aoz_Latn.parquet,14935
/multidata/mni_Latn.parquet,94763
/multidata/hla_Latn.parquet,114838
/multidata/twi_Latn.parquet,858375
/multidata/kmr_Latn.parquet,535365
/multidata/abq_Cyrl.parquet,79144
/multidata/pam_Latn.parquet,408287
/multidata/cax_Latn.parquet,53875
/multidata/ctp_Latn.parquet,50358
/multidata/lao_Laoo.parquet,152685
/multidata/moh_Latn.parquet,23127
/multidata/sbl_Latn.parquet,65196
/multidata/avt_Latn.parquet,19850
/multidata/oto_Latn.parquet,1193
/multidata/muy_Latn.parquet,2613
/multidata/ncx_Latn.parquet,25819
/multidata/boj_Latn.parquet,132937
/multidata/ssx_Latn.parquet,821
/multidata/kvj_Latn.parquet,255
/multidata/atd_Latn.parquet,16649
/multidata/agr_Latn.parquet,61298
/multidata/fuv_Arab.parquet,1296
/multidata/wnc_Latn.parquet,42242
/multidata/kaa_Cyrl.parquet,301961
/multidata/fur_Latn.parquet,270906
/multidata/adz_Latn.parquet,22775
/multidata/apb_Latn.parquet,39210
/multidata/vap_Latn.parquet,83110
/multidata/mbt_Latn.parquet,202401
/multidata/tel_Latn.parquet,659517
/multidata/oci_Latn.parquet,567923
/multidata/dga_Latn.parquet,31302
/multidata/lem_Latn.parquet,862
/multidata/bts_Latn.parquet,253554
/multidata/lzh_Hani.parquet,90050
/multidata/guq_Latn.parquet,1371
/multidata/cta_Latn.parquet,48669
/multidata/qvo_Latn.parquet,587
/multidata/kmk_Latn.parquet,1896
/multidata/qvn_Latn.parquet,54860
/multidata/njo_Latn.parquet,131120
/multidata/nii_Latn.parquet,59771
/multidata/lid_Latn.parquet,110486
/multidata/mog_Latn.parquet,239
/multidata/nhx_Latn.parquet,6716
/multidata/dzo_Tibt.parquet,111438
/multidata/wsk_Latn.parquet,29917
/multidata/sun_Latn.parquet,548683
/multidata/byv_Latn.parquet,326
/multidata/huv_Latn.parquet,19853
/multidata/heg_Latn.parquet,61073
/multidata/kbm_Latn.parquet,54117
/multidata/dts_Latn.parquet,40406
/multidata/agn_Latn.parquet,91878
/multidata/nmo_Latn.parquet,3654
/multidata/cmn_Hani.parquet,32154
/multidata/hop_Latn.parquet,1627
/multidata/jvn_Latn.parquet,123080
/multidata/stp_Latn.parquet,2262
/multidata/dng_Cyrl.parquet,14170
/multidata/xho_Latn.parquet,362041
/multidata/nya_Latn.parquet,508232
/multidata/zyb_Latn.parquet,57443
/multidata/lhu_Latn.parquet,130193
/multidata/iou_Latn.parquet,29305
/multidata/bew_Latn.parquet,576297
/multidata/sop_Latn.parquet,115817
/multidata/soe_Latn.parquet,58
/multidata/bmk_Latn.parquet,2894
/multidata/daf_Latn.parquet,4327
/multidata/kyz_Latn.parquet,59118
/multidata/dag_Latn.parquet,925824
/multidata/nyy_Latn.parquet,17311
/multidata/wbm_Latn.parquet,2917
/multidata/bno_Latn.parquet,64809
/multidata/crk_Latn.parquet,11574
/multidata/kbp_Latn.parquet,94082
/multidata/lex_Latn.parquet,91609
/multidata/nwb_Latn.parquet,824
/multidata/yva_Latn.parquet,9225
/multidata/npl_Latn.parquet,28266
/multidata/usa_Latn.parquet,28826
/multidata/rml_Latn.parquet,13449
/multidata/aii_Syrc.parquet,144286
/multidata/lit_Latn.parquet,594227
/multidata/poy_Latn.parquet,5602
/multidata/gbi_Latn.parquet,89833
/multidata/nan_Latn.parquet,314172
/multidata/kpx_Latn.parquet,33987
/multidata/taj_Deva.parquet,57650
/multidata/gyr_Latn.parquet,6403
/multidata/ttj_Latn.parquet,4553
/multidata/rus_Cyrl.parquet,673331
/multidata/wln_Latn.parquet,419398
/multidata/kog_Latn.parquet,12822
/multidata/mxq_Latn.parquet,39024
/multidata/ata_Latn.parquet,117793
/multidata/zai_Latn.parquet,143872
/multidata/yal_Latn.parquet,106139
/multidata/adi_Latn.parquet,880
/multidata/gvc_Latn.parquet,1180
/multidata/big_Latn.parquet,36962
/multidata/thl_Deva.parquet,92897
/multidata/mpt_Latn.parquet,5330
/multidata/hne_Deva.parquet,606814
/multidata/led_Latn.parquet,674
/multidata/ifb_Latn.parquet,55674
/multidata/doi_Deva.parquet,209902
/multidata/ati_Latn.parquet,9748
/multidata/tac_Latn.parquet,86148
/multidata/mkn_Latn.parquet,68052
/multidata/yad_Latn.parquet,7676
/multidata/pap_Latn.parquet,598034
/multidata/atg_Latn.parquet,13421
/multidata/mxp_Latn.parquet,54832
/multidata/acu_Latn.parquet,70064
/multidata/tbo_Latn.parquet,33522
/multidata/cni_Latn.parquet,41100
/multidata/bkd_Latn.parquet,13278
/multidata/mit_Latn.parquet,12363
/multidata/nob_Latn.parquet,793860
/multidata/tca_Latn.parquet,85045
/multidata/arq_Arab.parquet,13503
/multidata/nmw_Latn.parquet,910
/multidata/crk_Cans.parquet,17819
/multidata/sah_Cyrl.parquet,486433
/multidata/fuh_Latn.parquet,86663
/multidata/loq_Latn.parquet,12968
/multidata/hrx_Latn.parquet,40325
/multidata/nbq_Latn.parquet,30068
/multidata/nno_Latn.parquet,514934
/multidata/mau_Latn.parquet,38801
/multidata/mxv_Latn.parquet,29654
/multidata/ewe_Latn.parquet,398295
/multidata/tir_Ethi.parquet,501757
/multidata/shi_Latn.parquet,505239
/multidata/esi_Latn.parquet,1538
/multidata/kyq_Latn.parquet,120051
/multidata/ksw_Mymr.parquet,111536
/multidata/eve_Cyrl.parquet,9615
/multidata/lsi_Latn.parquet,16503
/multidata/uig_Latn.parquet,486944
/multidata/kyc_Latn.parquet,77821
/multidata/yuj_Latn.parquet,104566
/multidata/kwj_Latn.parquet,65947
/multidata/epo_Latn.parquet,579643
/multidata/gaz_Latn.parquet,353199
/multidata/nfa_Latn.parquet,2021
/multidata/lim_Latn.parquet,406603
/multidata/ese_Latn.parquet,32334
/multidata/ikt_Latn.parquet,55843
/multidata/rmn_Cyrl.parquet,40612
/multidata/mua_Latn.parquet,112
/multidata/guw_Latn.parquet,259956
/multidata/urw_Latn.parquet,277
/multidata/enb_Latn.parquet,57294
/multidata/kje_Latn.parquet,28498
/multidata/rtm_Latn.parquet,64733
/multidata/mup_Deva.parquet,224712
/multidata/gbr_Latn.parquet,1230
/multidata/gvn_Latn.parquet,13150
/multidata/pol_Latn.parquet,337033
/multidata/cof_Latn.parquet,19192
/multidata/zpg_Latn.parquet,531
/multidata/ndi_Latn.parquet,86
/multidata/kac_Latn.parquet,694034
/multidata/leu_Latn.parquet,56623
/multidata/aer_Latn.parquet,7278
/multidata/fry_Latn.parquet,496749
/multidata/ndc_Latn.parquet,82684
/multidata/cso_Latn.parquet,63055
/multidata/lmk_Latn.parquet,33727
/multidata/nca_Latn.parquet,43035
/multidata/swk_Latn.parquet,176
/multidata/lua_Latn.parquet,124081
/multidata/crh_Latn.parquet,372769
/multidata/ntu_Latn.parquet,79251
/multidata/tdx_Latn.parquet,42748
/multidata/cgg_Latn.parquet,265
/multidata/nuj_Latn.parquet,11900
/multidata/irk_Latn.parquet,74108
/multidata/nhk_Latn.parquet,4027
/multidata/vol_Latn.parquet,285764
/multidata/gmv_Ethi.parquet,17752
/multidata/fat_Latn.parquet,75903
/multidata/wmw_Latn.parquet,13861
/multidata/ken_Latn.parquet,35098
/multidata/arg_Latn.parquet,374170
/multidata/iry_Latn.parquet,67
/multidata/spl_Latn.parquet,32120
/multidata/tfr_Latn.parquet,86291
/multidata/azz_Latn.parquet,12876
/multidata/sba_Latn.parquet,5340
/multidata/nnp_Latn.parquet,830
/multidata/byx_Latn.parquet,101251
/multidata/bsp_Latn.parquet,4488
/multidata/tuo_Latn.parquet,86936
/multidata/tur_Latn.parquet,542277
/multidata/hig_Latn.parquet,58068
/multidata/gam_Latn.parquet,30685
/multidata/pnb_Arab.parquet,738838
/multidata/rad_Latn.parquet,191301
/multidata/ldi_Latn.parquet,1720
/multidata/yrl_Latn.parquet,785
/multidata/quc_Latn.parquet,333521
/multidata/dob_Latn.parquet,115562
/multidata/ven_Latn.parquet,1426803
/multidata/tel_Telu.parquet,326922
/multidata/gvl_Latn.parquet,82698
/multidata/cya_Latn.parquet,80876
/multidata/dje_Latn.parquet,9564
/multidata/pww_Thai.parquet,5425
/multidata/met_Latn.parquet,450
/multidata/amn_Latn.parquet,47871
/multidata/bre_Latn.parquet,420931
/multidata/kua_Latn.parquet,437162
/multidata/cbr_Latn.parquet,24506
/multidata/kjs_Latn.parquet,50750
/multidata/tcc_Latn.parquet,180
/multidata/btx_Latn.parquet,324416
/multidata/cym_Latn.parquet,560743
/multidata/swh_Latn.parquet,604464
/multidata/tby_Latn.parquet,52620
/multidata/vid_Latn.parquet,22585
/multidata/mih_Latn.parquet,25989
/multidata/knc_Latn.parquet,35134
/multidata/qxr_Latn.parquet,20678
/multidata/ikk_Latn.parquet,11351
/multidata/vmw_Latn.parquet,113057
/multidata/sab_Latn.parquet,44766
/multidata/pxm_Latn.parquet,138
/multidata/nba_Latn.parquet,41154
/multidata/hin_Latn.parquet,742897
/multidata/kub_Latn.parquet,30153
/multidata/yka_Latn.parquet,8927
/multidata/nki_Latn.parquet,101180
/multidata/kff_Telu.parquet,114
/multidata/nim_Latn.parquet,28900
/multidata/bim_Latn.parquet,25182
/multidata/cho_Latn.parquet,245
/multidata/alp_Latn.parquet,51961
/multidata/lnd_Latn.parquet,332
/multidata/mks_Latn.parquet,11863
/multidata/arl_Latn.parquet,17828
/multidata/bug_Latn.parquet,17709
/multidata/ttq_Latn.parquet,1513
/multidata/nds_Latn.parquet,404265
/multidata/beq_Latn.parquet,14972
/multidata/bzh_Latn.parquet,86728
/multidata/tro_Latn.parquet,591
/multidata/alq_Latn.parquet,50754
/multidata/gbo_Latn.parquet,82895
/multidata/vmk_Latn.parquet,7795
/multidata/ycn_Latn.parquet,6772
/multidata/kmu_Latn.parquet,63019
/multidata/hav_Latn.parquet,375
/multidata/pkb_Latn.parquet,2380
/multidata/syl_Beng.parquet,2434
/multidata/soq_Latn.parquet,67741
/multidata/pan_Guru.parquet,517159
/multidata/smn_Latn.parquet,274520
/multidata/nse_Latn.parquet,216
/multidata/rmq_Latn.parquet,16299
/multidata/zpa_Latn.parquet,82761
/multidata/kij_Latn.parquet,47761
/multidata/ary_Arab.parquet,444905
/multidata/gil_Latn.parquet,462048
/multidata/krc_Cyrl.parquet,581234
/multidata/cok_Latn.parquet,107786
/multidata/crj_Cans.parquet,188
/multidata/mic_Latn.parquet,27030
/multidata/mzz_Latn.parquet,3314
/multidata/bam_Latn.parquet,399685
/multidata/qxo_Latn.parquet,6198
/multidata/omb_Latn.parquet,4727
/multidata/mmn_Latn.parquet,60346
/multidata/chv_Cyrl.parquet,364177
/multidata/arp_Latn.parquet,2485
/multidata/ntr_Latn.parquet,85691
/multidata/otw_Latn.parquet,30595
/multidata/tif_Latn.parquet,63366
/multidata/aso_Latn.parquet,102731
/multidata/txq_Latn.parquet,32037
/multidata/srd_Latn.parquet,474994
/multidata/got_Goth.parquet,6362
/multidata/wlx_Latn.parquet,948
/multidata/nov_Latn.parquet,655388
/multidata/uri_Latn.parquet,767
/multidata/bgs_Latn.parquet,32073
/multidata/czt_Latn.parquet,16564
/multidata/esk_Latn.parquet,33845
/multidata/mfg_Latn.parquet,63
/multidata/nus_Latn.parquet,31947
/multidata/dhv_Latn.parquet,224214
/multidata/kei_Latn.parquet,1420
/multidata/wsg_Telu.parquet,536
/multidata/tpa_Latn.parquet,334
/multidata/klv_Latn.parquet,92742
/multidata/kgf_Latn.parquet,2239
/multidata/naq_Latn.parquet,276852
/multidata/anv_Latn.parquet,8417
/multidata/wiu_Latn.parquet,13593
/multidata/quw_Latn.parquet,33813
/multidata/tlf_Latn.parquet,123231
/multidata/nbu_Latn.parquet,22845
/multidata/mkd_Cyrl.parquet,462580
/multidata/tbk_Latn.parquet,115
/multidata/drg_Latn.parquet,5014
/multidata/tgk_Cyrl.parquet,465847
/multidata/rap_Latn.parquet,3335
/multidata/ake_Latn.parquet,11443
/multidata/gai_Latn.parquet,42974
/multidata/jbu_Latn.parquet,97525
/multidata/wib_Latn.parquet,2871
/multidata/lat_Latn.parquet,595618
/multidata/pui_Latn.parquet,3724
/multidata/adj_Latn.parquet,100078
/multidata/azb_Arab.parquet,395442
/multidata/yut_Latn.parquet,40294
/multidata/hub_Latn.parquet,17912
/multidata/smk_Latn.parquet,61035
/multidata/mqj_Latn.parquet,19788
/multidata/bgr_Latn.parquet,83812
/multidata/ina_Latn.parquet,362461
/multidata/kgp_Latn.parquet,47330
/multidata/tsz_Latn.parquet,49561
/multidata/lfn_Latn.parquet,384069
/multidata/mzh_Latn.parquet,601
/multidata/rro_Latn.parquet,50822
/multidata/bvc_Latn.parquet,246
/multidata/tav_Latn.parquet,16780
/multidata/byr_Latn.parquet,109424
/multidata/nap_Latn.parquet,839344
/multidata/wrk_Latn.parquet,83352
/multidata/fit_Latn.parquet,319984
/multidata/tqo_Latn.parquet,1011
/multidata/ztq_Latn.parquet,64909
/multidata/mmx_Latn.parquet,64605
/multidata/kdj_Latn.parquet,261
/multidata/rnl_Latn.parquet,60
/multidata/tpw_Latn.parquet,360
/multidata/ojb_Cans.parquet,43511
/multidata/slk_Latn.parquet,563520
/multidata/san_Latn.parquet,1368805
/multidata/njn_Latn.parquet,4756
/multidata/lad_Latn.parquet,352537
/multidata/bdq_Latn.parquet,3593
/multidata/izz_Latn.parquet,20359
/multidata/kca_Cyrl.parquet,32156
/multidata/szl_Latn.parquet,474922
/multidata/hnj_Latn.parquet,242625
/multidata/mej_Latn.parquet,45223
/multidata/bvd_Latn.parquet,32300
/multidata/plg_Latn.parquet,2557
/multidata/tbz_Latn.parquet,177592
/multidata/cmr_Latn.parquet,1011028
/multidata/dwr_Latn.parquet,47723
/multidata/zdj_Latn.parquet,4567
/multidata/glg_Latn.parquet,576287
/multidata/bjr_Latn.parquet,63381
/multidata/quy_Latn.parquet,212720
/multidata/eza_Latn.parquet,41940
/multidata/ter_Latn.parquet,54282
/multidata/kir_Cyrl.parquet,355255
/multidata/pir_Latn.parquet,86135
/multidata/bwd_Latn.parquet,7303
/multidata/sll_Latn.parquet,51696
/multidata/kki_Latn.parquet,42865
/multidata/cha_Latn.parquet,134318
/multidata/ajz_Latn.parquet,773
/multidata/uzn_Cyrl.parquet,327889
/multidata/xav_Latn.parquet,142416
/multidata/mca_Latn.parquet,21431
/multidata/nnq_Latn.parquet,9784
/multidata/pov_Latn.parquet,2135
/multidata/ktj_Latn.parquet,4059
/multidata/uzn_Latn.parquet,515235
/multidata/hag_Latn.parquet,65090
/multidata/nkf_Latn.parquet,11829
/multidata/ndj_Latn.parquet,101
/multidata/mie_Latn.parquet,29801
/multidata/maw_Latn.parquet,4651
/multidata/yue_Hani.parquet,38753
/multidata/nho_Latn.parquet,88755
/multidata/deu_Latn.parquet,467417
/multidata/tsc_Latn.parquet,42060
/multidata/hif_Latn.parquet,1469585
/multidata/xog_Latn.parquet,2316
/multidata/wol_Latn.parquet,305583
/multidata/lgl_Latn.parquet,1414
/multidata/alt_Cyrl.parquet,628985
/multidata/pmx_Latn.parquet,156
/multidata/cpc_Latn.parquet,7495
/multidata/akb_Latn.parquet,31586
/multidata/dua_Latn.parquet,50430
/multidata/skr_Arab.parquet,39008
/multidata/koi_Cyrl.parquet,182916
/multidata/ceg_Latn.parquet,48469
/multidata/bud_Latn.parquet,58064
/multidata/mam_Latn.parquet,421600
/multidata/dru_Latn.parquet,4145
/multidata/ntp_Latn.parquet,1563
/multidata/yam_Latn.parquet,33422
/multidata/cjs_Cyrl.parquet,2278
/multidata/aau_Latn.parquet,146596
/multidata/mzw_Latn.parquet,69598
/multidata/anm_Latn.parquet,550
/multidata/izr_Latn.parquet,71456
/multidata/amu_Latn.parquet,203582
/multidata/sgh_Cyrl.parquet,6049
/multidata/ckb_Arab.parquet,375324
/multidata/mgh_Latn.parquet,19301
/multidata/mzn_Arab.parquet,168456
/multidata/ach_Latn.parquet,329494
/multidata/roo_Latn.parquet,39142
/multidata/apu_Latn.parquet,14441
/multidata/bnp_Latn.parquet,147432
/multidata/kwi_Latn.parquet,64749
/multidata/mya_Mymr.parquet,229974
/multidata/yor_Latn.parquet,633937
/multidata/gcf_Latn.parquet,342595
/multidata/mar_Deva.parquet,376373
/multidata/nop_Latn.parquet,56087
/multidata/chd_Latn.parquet,47928
/multidata/bhw_Latn.parquet,9179
/multidata/trq_Latn.parquet,20046
/multidata/aji_Latn.parquet,57695
/multidata/aeb_Arab.parquet,387189
/multidata/ziw_Latn.parquet,47637
/multidata/kxc_Ethi.parquet,46621
/multidata/kin_Latn.parquet,410988
/multidata/kpr_Latn.parquet,89353
/multidata/sgz_Latn.parquet,38608
/multidata/tum_Latn.parquet,32075
/multidata/bef_Latn.parquet,32743
/multidata/kud_Latn.parquet,49962
/multidata/pis_Latn.parquet,23739
/multidata/bch_Latn.parquet,68148
/multidata/snp_Latn.parquet,67954
/multidata/taq_Tfng.parquet,23558
/multidata/wed_Latn.parquet,11014
/multidata/qvm_Latn.parquet,51272
/multidata/tay_Latn.parquet,66423
/multidata/kek_Latn.parquet,203500
/multidata/sue_Latn.parquet,75467
/multidata/plu_Latn.parquet,24884
/multidata/thk_Latn.parquet,54913
/multidata/kby_Latn.parquet,389
/multidata/kvn_Latn.parquet,13894
/multidata/cwe_Latn.parquet,17317
/multidata/bmr_Latn.parquet,65748
/multidata/ron_Latn.parquet,755859
/multidata/knf_Latn.parquet,54415
/multidata/agg_Latn.parquet,111144
/multidata/xsu_Latn.parquet,41285
/multidata/nch_Latn.parquet,227385
/multidata/tzo_Latn.parquet,454264
/multidata/bss_Latn.parquet,62632
/multidata/quh_Latn.parquet,53966
/multidata/cuk_Latn.parquet,110409
/multidata/gom_Latn.parquet,765843
/multidata/bul_Cyrl.parquet,524356
/multidata/msc_Latn.parquet,1451
/multidata/mak_Latn.parquet,59311
/multidata/wmt_Latn.parquet,8726
/multidata/nin_Latn.parquet,35877
/multidata/mcu_Latn.parquet,85415
/multidata/bfo_Latn.parquet,20134
/multidata/qwh_Latn.parquet,69824
/multidata/zpl_Latn.parquet,87816
/multidata/anp_Deva.parquet,628817
/multidata/bod_Tibt.parquet,98491
/multidata/ksh_Latn.parquet,323702
/multidata/chf_Latn.parquet,42407
/multidata/sgw_Ethi.parquet,39790
/multidata/zad_Latn.parquet,1416
/multidata/war_Latn.parquet,30056
/multidata/niq_Latn.parquet,372
/multidata/not_Latn.parquet,7521
/multidata/tmd_Latn.parquet,4435
/multidata/ozm_Latn.parquet,62232
/multidata/kru_Deva.parquet,1272
/multidata/bon_Latn.parquet,96954
/multidata/lad_Hebr.parquet,1050
/multidata/poh_Latn.parquet,330335
/multidata/kha_Latn.parquet,481331
/multidata/tam_Latn.parquet,651234
/multidata/alj_Latn.parquet,1368
/multidata/jbo_Latn.parquet,225140
/multidata/rej_Latn.parquet,94852
/multidata/mmo_Latn.parquet,52310
/multidata/zsm_Latn.parquet,696920
/multidata/rjs_Deva.parquet,859
/multidata/avk_Latn.parquet,274930
/multidata/tet_Latn.parquet,421299
/multidata/twu_Latn.parquet,89883
/multidata/tui_Latn.parquet,1165
/multidata/kde_Latn.parquet,32579
/multidata/emi_Latn.parquet,30594
/multidata/liv_Latn.parquet,11590
/multidata/gso_Latn.parquet,47921
/multidata/acr_Latn.parquet,218430
/multidata/hnn_Latn.parquet,16677
/multidata/dik_Latn.parquet,135495
/multidata/als_Latn.parquet,652825
/multidata/tam_Taml.parquet,332862
/multidata/ikw_Latn.parquet,8959
/multidata/lwg_Latn.parquet,10014
/multidata/khm_Khmr.parquet,105390
/multidata/zaw_Latn.parquet,14914
/multidata/kxm_Thai.parquet,4687
/multidata/cbi_Latn.parquet,42966
/multidata/hto_Latn.parquet,84716
/multidata/tuf_Latn.parquet,12275
/multidata/nko_Latn.parquet,11383
/multidata/tat_Latn.parquet,255584
/multidata/cnl_Latn.parquet,9187
/multidata/cux_Latn.parquet,7400
/multidata/prg_Latn.parquet,11376
/multidata/mip_Latn.parquet,1272
/multidata/kvg_Latn.parquet,2082
/multidata/nss_Latn.parquet,28591
/multidata/box_Latn.parquet,5603
/multidata/bas_Latn.parquet,91183
/multidata/wal_Latn.parquet,251078
/multidata/ngb_Latn.parquet,739
/multidata/kez_Latn.parquet,66776
/multidata/ktz_Latn.parquet,164
/multidata/qul_Latn.parquet,10354
/multidata/nrf_Latn.parquet,40537
/multidata/cnw_Latn.parquet,46233
/multidata/kew_Latn.parquet,50021
/multidata/mqy_Latn.parquet,5201
/multidata/mev_Latn.parquet,359
/multidata/snd_Latn.parquet,165318
/multidata/zpc_Latn.parquet,49515
/multidata/dig_Latn.parquet,103228
/multidata/urd_Latn.parquet,570980
/multidata/lai_Latn.parquet,3347
/multidata/tuv_Latn.parquet,2015
/multidata/udm_Cyrl.parquet,398425
/multidata/tee_Latn.parquet,90182
/multidata/eml_Latn.parquet,690612
/multidata/cos_Latn.parquet,579767
/multidata/pwg_Latn.parquet,33516
/multidata/are_Latn.parquet,3691
/multidata/syl_Latn.parquet,4723888
/multidata/aeu_Latn.parquet,126606
/multidata/pdc_Latn.parquet,622493
/multidata/scn_Latn.parquet,294146
/multidata/uth_Latn.parquet,3483
/multidata/san_Deva.parquet,650998
/multidata/gor_Latn.parquet,47122
/multidata/amr_Latn.parquet,18839
/multidata/hui_Latn.parquet,110701
/multidata/lee_Latn.parquet,92426
/multidata/ium_Latn.parquet,226546
/multidata/hyw_Armn.parquet,409695
/multidata/sdh_Arab.parquet,368606
/multidata/mhy_Latn.parquet,671
/multidata/roh_Latn.parquet,404944
/multidata/mco_Latn.parquet,56387
/multidata/eko_Latn.parquet,18245
/multidata/att_Latn.parquet,34417
/multidata/xal_Cyrl.parquet,180357
/multidata/agx_Cyrl.parquet,66790
/multidata/swc_Latn.parquet,113135
/multidata/zul_Latn.parquet,430956
/multidata/gmv_Latn.parquet,61964
/multidata/swp_Latn.parquet,56771
/multidata/spy_Latn.parquet,59940
/multidata/fil_Latn.parquet,681397
/multidata/kmg_Latn.parquet,147373
